Datetime,Water Level (m)
2025-02-20 06:00:00,-0.054320432
2025-02-20 07:00:00,-0.17175248
2025-02-20 08:00:00,-0.27762896
2025-02-20 09:00:00,-0.34931275
2025-02-20 10:00:00,-0.38057077
2025-02-20 11:00:00,-0.40546656
2025-02-20 12:00:00,-0.38087124
2025-02-20 13:00:00,-0.23095053
2025-02-20 14:00:00,-0.03847504
2025-02-20 15:00:00,0.12623811
2025-02-20 16:00:00,0.23461416
2025-02-20 17:00:00,0.26316065
2025-02-20 18:00:00,0.18912704
2025-02-20 19:00:00,0.02282975
2025-02-20 20:00:00,-0.12785357
2025-02-20 21:00:00,-0.22713788
2025-02-20 22:00:00,-0.2837195
2025-02-20 23:00:00,-0.31044337
2025-02-21 00:00:00,-0.32824984
2025-02-21 01:00:00,-0.2957384
2025-02-21 02:00:00,-0.1843435
2025-02-21 03:00:00,-0.059007972
2025-02-21 04:00:00,0.055892527
2025-02-21 05:00:00,0.062292203
2025-02-21 06:00:00,-0.031376652
2025-02-21 07:00:00,-0.1397796
2025-02-21 08:00:00,-0.24293357
2025-02-21 09:00:00,-0.32051796
2025-02-21 10:00:00,-0.37381995
2025-02-21 11:00:00,-0.41011253
2025-02-21 12:00:00,-0.4342247
2025-02-21 13:00:00,-0.41034272
2025-02-21 14:00:00,-0.2669996
2025-02-21 15:00:00,-0.08611725
2025-02-21 16:00:00,0.072338305
2025-02-21 17:00:00,0.1775817
2025-02-21 18:00:00,0.21753496
2025-02-21 19:00:00,0.17730556
2025-02-21 20:00:00,0.05097087
2025-02-21 21:00:00,-0.09859114
2025-02-21 22:00:00,-0.19548492
2025-02-21 23:00:00,-0.25215948
2025-02-22 00:00:00,-0.27777785
2025-02-22 01:00:00,-0.29778397
2025-02-22 02:00:00,-0.30867815
2025-02-22 03:00:00,-0.28108057
2025-02-22 04:00:00,-0.20312464
2025-02-22 05:00:00,-0.107368074
2025-02-22 06:00:00,-0.047495827
2025-02-22 07:00:00,-0.079071805
2025-02-22 08:00:00,-0.14424987
2025-02-22 09:00:00,-0.21934003
2025-02-22 10:00:00,-0.29217896
2025-02-22 11:00:00,-0.3490712
2025-02-22 12:00:00,-0.3963485
2025-02-22 13:00:00,-0.42746466
2025-02-22 14:00:00,-0.42784327
2025-02-22 15:00:00,-0.34715915
2025-02-22 16:00:00,-0.19211632
2025-02-22 17:00:00,-0.028344475
2025-02-22 18:00:00,0.100804225
2025-02-22 19:00:00,0.1728349
2025-02-22 20:00:00,0.18174362
2025-02-22 21:00:00,0.10895558
2025-02-22 22:00:00,-0.035856362
2025-02-22 23:00:00,-0.1631447
2025-02-23 00:00:00,-0.23805584
2025-02-23 01:00:00,-0.28335312
2025-02-23 02:00:00,-0.3114171
2025-02-23 03:00:00,-0.34460688
2025-02-23 04:00:00,-0.3712284
2025-02-23 05:00:00,-0.3661888
2025-02-23 06:00:00,-0.29081804
2025-02-23 07:00:00,-0.17777543
2025-02-23 08:00:00,-0.090801194
2025-02-23 09:00:00,-0.0824109
2025-02-23 10:00:00,-0.14423718
2025-02-23 11:00:00,-0.2127404
2025-02-23 12:00:00,-0.3006763
2025-02-23 13:00:00,-0.37606838
2025-02-23 14:00:00,-0.4197426
2025-02-23 15:00:00,-0.4056686
2025-02-23 16:00:00,-0.3952985
2025-02-23 17:00:00,-0.31486312
2025-02-23 18:00:00,-0.11530876
2025-02-23 19:00:00,0.049719073
2025-02-23 20:00:00,0.16556679
2025-02-23 21:00:00,0.2266765
2025-02-23 22:00:00,0.195307
2025-02-23 23:00:00,0.07360095
2025-02-24 00:00:00,-0.08791625
2025-02-24 01:00:00,-0.20520622
2025-02-24 02:00:00,-0.27624658
2025-02-24 03:00:00,-0.3191611
2025-02-24 04:00:00,-0.3538314
2025-02-24 05:00:00,-0.38845608
2025-02-24 06:00:00,-0.38363343
2025-02-24 07:00:00,-0.2544999
2025-02-24 08:00:00,-0.08463429
2025-02-24 09:00:00,0.049830172
2025-02-24 10:00:00,0.09047533
2025-02-24 11:00:00,0.0083987415
2025-02-24 12:00:00,-0.12933648
2025-02-24 13:00:00,-0.24296345
2025-02-24 14:00:00,-0.33845115
2025-02-24 15:00:00,-0.40053734
2025-02-24 16:00:00,-0.43551585
2025-02-24 17:00:00,-0.43896332
2025-02-24 18:00:00,-0.28522834
2025-02-24 19:00:00,-0.052068964
2025-02-24 20:00:00,0.12430362
2025-02-24 21:00:00,0.2722111
2025-02-24 22:00:00,0.3393125
2025-02-24 23:00:00,0.3104731
2025-02-25 00:00:00,0.17033117
2025-02-25 01:00:00,-0.023747828
2025-02-25 02:00:00,-0.15567929
2025-02-25 03:00:00,-0.23479526
2025-02-25 04:00:00,-0.28334096
2025-02-25 05:00:00,-0.32294798
2025-02-25 06:00:00,-0.35912925
2025-02-25 07:00:00,-0.31058782
2025-02-25 08:00:00,-0.09726033
2025-02-25 09:00:00,0.09749403
2025-02-25 10:00:00,0.22802721
2025-02-25 11:00:00,0.25078017
2025-02-25 12:00:00,0.13164313
2025-02-25 13:00:00,-0.04198956
2025-02-25 14:00:00,-0.15610328
2025-02-25 15:00:00,-0.26794574
2025-02-25 16:00:00,-0.33792406
2025-02-25 17:00:00,-0.37513727
2025-02-25 18:00:00,-0.37775552
2025-02-25 19:00:00,-0.17281765
2025-02-25 20:00:00,0.09867725
2025-02-25 21:00:00,0.28869826
2025-02-25 22:00:00,0.4382411
2025-02-25 23:00:00,0.484435
2025-02-26 00:00:00,0.40383297
2025-02-26 01:00:00,0.21672688
2025-02-26 02:00:00,0.013838326
2025-02-26 03:00:00,-0.11045392
2025-02-26 04:00:00,-0.18637502
2025-02-26 05:00:00,-0.23386405
2025-02-26 06:00:00,-0.28035164
